<!-- Miles 33/Tera DP -->
<!-- This workflow is used to enrich the keywords and summary of an img or image object with analysis data performed by Google Vision API.
It requires setting up  Google Cloud Platform account, and enable the Vision API feature, downloading the access json file and placing it in the server environment variable named "GOOGLE_APPLICATION_CREDENTIALS", for example from command prompt as administrator:
set GOOGLE_APPLICATION_CREDENTIALS=C:\Tera\Google\vision-230711-fb45d28f89d4.json
The workflow can receive optional parameter "objectId", or a context object id of an image or img.
The wf will create a variant named GoogleVisionAPI, if it does not exist already.
-->
<codeWorkflow xmlns="http://www.teradp.com/schemas/GN4/1/WFRes.xsd">
  <References>
    <Reference>Newtonsoft.Json.dll</Reference>
    <Reference>System.Web.dll</Reference>
  </References>
  <Members><![CDATA[
''' <summary>Wrapper class which loads and calls the Google libraries</summary>
''' <remarks>It looks into the 'GoogleVision' folder for the following dlls:
''' Google.Api.CommonProtos.dll        1.3.0.0
''' Google.Api.Gax.dll                 2.5.0.0
''' Google.Api.Gax.Grpc.dll            2.5.0.0
''' Google.Api.Gax.Rest.dll            2.5.0.0
''' Google.Apis.Auth.dll              1.35.1.0
''' Google.Apis.Core.dll              1.35.1.0
''' Google.Apis.dll                   1.35.1.0
''' Google.Apis.PlatformServices.dll  1.35.1.0
''' Google.Cloud.Vision.V1.dll         1.3.0.0
''' Google.LongRunning.dll             1.0.0.0
''' Google.Protobuf.dll                3.5.1.0
''' Grpc.Auth.dll                     1.18.0.0
''' Grpc.Core.dll                     1.18.0.0
''' grpc_csharp_ext.x64.dll
''' grpc_csharp_ext.x86.dll
''' </remarks>
Class GoogleVision
  Implements IDisposable

  Private DisposedValue As Boolean 'to detect redundant calls
  Public Const DllSubFolder As String = "GoogleVision"

  'minimum .dll version
  Shared versionList As Dictionary(Of String, String) = New Dictionary(Of String, String)()
  'ignore these .dlls if their name contains one of the following tokens
  Shared skipList As List(Of String) = New List(Of String)()

  Shared Utils As TeraDP.GN4.Workflow.WFUtils = Nothing
  Private GVision As System.Reflection.Assembly = Nothing
  Private GClient As Object = Nothing
  ''' <summary>The folder from where to load the Google dlls</summary>
  Shared folderPath As String = Nothing

  Public Sub New(UtilsClass As TeraDP.GN4.Workflow.WFUtils, localPath As String)
    Utils = UtilsClass
    folderPath = localPath
    If String.IsNullOrEmpty(folderPath) Then
      Throw New Exception("Cannot find the executing path")
    Else
      If Not String.IsNullOrEmpty(DllSubFolder) Then
        folderPath &= String.Format("\{0}\", DllSubFolder)
      End If
    End If

    SetMinimumVersions()
    RemoveHandler AppDomain.CurrentDomain.AssemblyResolve, AddressOf LoadFromFolderResolveEventHandler
    AddHandler AppDomain.CurrentDomain.AssemblyResolve, AddressOf LoadFromFolderResolveEventHandler

    'load Google.Cloud.Vision.V1.dll
    Dim visionPath As String = folderPath & "Google.Cloud.Vision.V1.dll"
    GVision = System.Reflection.Assembly.LoadFrom(visionPath)
    If GVision Is Nothing Then
      Throw New Exception(String.Format("Cannot find the library '{0}'", visionPath))
    End If
  End Sub

  'set the minimum version of the required libraries
  Public Sub SetMinimumVersions()
    If versionList.Count = 0 Then
      versionList.Add("Google.Cloud.Vision.V1",  "1.3.0.0")
      versionList.Add("Google.Apis.Auth",        "1.35.1.0")
      versionList.Add("Google.Api.Gax.Grpc",     "2.5.0.0")
      versionList.Add("Google.Api.Gax",          "2.5.0.0")
'     versionList.Add("Google.Protobuf",         "3.5.1.0")
'     versionList.Add("Google.Api.CommonProtos", "1.3.0.0")
'     versionList.Add("Grpc.Core",               "1.0.0.0")
'     versionList.Add("Google.LongRunning",      "1.0.0.0")
    End If

    If skipList.Count = 0 Then
      skipList.Add(".resources")
      skipList.Add("Unity")
      skipList.Add("iOS")
      skipList.Add("Android")
    End If
  End Sub

  Shared Function IsRequiredVersion(library As System.Reflection.Assembly) As Boolean
    If library Is Nothing Then
      Return False
    End If
    Dim aName As System.Reflection.AssemblyName = library.GetName()
    If Not versionList.ContainsKey(aName.Name) Then
      Return True
    End If
    Dim required As Version = new Version(versionList(aName.Name))
    Return aName.Version >= required
  End Function

  Public Shared Function LoadFromFolderResolveEventHandler(sender As object, args As ResolveEventArgs) As System.Reflection.Assembly
    If args Is Nothing Then
      Return Nothing
    End If
   'ignore not needed libraries
    If skipList.FirstOrDefault(Function(a) args.Name.Contains(a)) IsNot Nothing Then
      System.Diagnostics.Debug.WriteLine(String.Format("DLL: Ignoring '{0}'", args.Name))
      Return Nothing
    End If

    System.Diagnostics.Debug.WriteLine(String.Format("DLL: Loading '{0}'", args.Name))

    'check if already loaded with the same version
    Dim loadedAssembly As System.Reflection.Assembly = AppDomain.CurrentDomain.GetAssemblies().FirstOrDefault(Function(a) a.FullName = args.Name)
    If loadedAssembly IsNot Nothing Then
      Return loadedAssembly
    End If

    Dim libName As String = new System.Reflection.AssemblyName(args.Name).Name
    Dim fileName As String = libName & ".dll"

    'check if already loaded with another version
    loadedAssembly = AppDomain.CurrentDomain.GetAssemblies().FirstOrDefault(Function(a) a.GetName().Name = libName)
    If loadedAssembly IsNot Nothing Then
      If IsRequiredVersion(loadedAssembly) Then
        Return loadedAssembly
      Else
        System.Diagnostics.Debug.WriteLine(String.Format("DLL: This loaded library has invalid version: '{0}'", loadedAssembly.FullName))
        Return Nothing
      End If
    End If

    Dim assemblyPath As String = System.IO.Path.Combine(folderPath, fileName)
    If Not System.IO.File.Exists(assemblyPath) Then
      Dim msg As String = String.Format("DLL: Cannot find the file '{0}'", fileName) 
      System.Diagnostics.Debug.WriteLine(msg)
      Throw New Exception(msg)
    End If

    'Try
      loadedAssembly = System.Reflection.Assembly.LoadFrom(assemblyPath)
    'Catch ex As Exception
    '  System.Diagnostics.Debug.WriteLine(GetFullMessage(ex))
    '  'ignore exception
    'End Try
    If loadedAssembly IsNot Nothing Then
      If Not loadedAssembly.FullName = args.Name Then
        System.Diagnostics.Debug.WriteLine(String.Format("DLL: Cannot load '{0}'", args.Name))
        Return Nothing
      End If
    End If
    Return loadedAssembly
  End Function

  ''' <summary>Get the Google ImageAnnotatorClient</summary>
  ''' <returns>The ImageAnnotatorClient</returns>
  Private Function GetClient() As Object
    If GClient IsNot Nothing Then
      Return GClient
    End If
    Return CreateClient()
  End Function

  ''' <summary>Check if the parameters of the input method match with the ones expected</summary>
  ''' <param name="method">The method to check</param>
  ''' <param name="invokeParamTypes">The expected parameter types</param>
  ''' <returns>True if the parameters are ok; false if they don't match</returns>
  Private Function AreParametersOk(method As System.Reflection.MethodInfo, invokeParamTypes() As String) As Boolean
    If method Is Nothing Then
      Return False
    End If

    Dim params() As System.Reflection.ParameterInfo = method.GetParameters()
    If params Is Nothing And invokeParamTypes Is Nothing Then
      Return True
    End IF

    Dim nParams As Integer = 0
    If invokeParamTypes IsNot Nothing Then
      nParams = invokeParamTypes.Count
    End If
    If nParams > 0 Then 'there are parameters to check
      If params Is Nothing Then
        Return False
      End If
      If Not params.Count = nParams Then
        Return False 'different number of parameters
      End If
      'let's check the parameter types
      For idx As Integer = 0 To params.Count -1
        If Not params(idx).ParameterType().Name = invokeParamTypes(idx) Then
          Return False
        End If
      Next
    Else
      If params IsNot Nothing AndAlso params.Count > 0 Then
        Return False 'different number of parameters
      End If
    End If
    Return True
  End Function

  ''' <summary>Create and return the requested Google object</summary>
  ''' <param name="objectType">The type of the object</param>
  ''' <param name="methodName">The method to call to create the object</param>
  ''' <param name="invokeParams">The parameters used to create the object, in order</param>
  ''' <param name="invokeParamTypes">The types of the method parameters, in order</param>
  ''' <returns>The created object</returns>
  Function CreateGoogleObject(objectType As String, methodName As String, invokeParams() As Object, invokeParamTypes() As String) As Object
    If GVision Is Nothing Or String.IsNullOrEmpty(objectType) Or String.IsNullOrEmpty(methodName) Then
      Return Nothing
    End If

    Try
      Dim annotatorType As Type = GVision.GetType(objectType)
      If annotatorType Is Nothing Then
        Utils.LogError(String.Format("Cannot load the '{0}' object type.", objectType))
        Return Nothing
      End If
      Dim staticMethodList() As System.Reflection.MethodInfo = annotatorType.GetMethods(Reflection.BindingFlags.Public Or Reflection.BindingFlags.Static)
      If staticMethodList Is Nothing OrElse staticMethodList.Count = 0 Then
        Utils.LogError(String.Format("Cannot find the '{0}' method of '{1}' class.", methodName, objectType))
        Return Nothing
      End If
      Dim createMethod As System.Reflection.MethodInfo = Nothing
      For Each method As System.Reflection.MethodInfo In staticMethodList
        If method.Name = methodName AndAlso AreParametersOk(method, invokeParamTypes) Then
          createMethod = method
          Exit For
        End If
      Next
      If createMethod Is Nothing Then
        Dim nParams As Integer = 0
        If invokeParams IsNot Nothing Then
          nParams = invokeParams.Count
        End If
        Utils.LogError(String.Format("Cannot find the '{0}' method of '{1}' class with {2} parameters.", methodName, objectType, nParams))
        Return Nothing
      End If
      Return createMethod.Invoke(Nothing, invokeParams)
    Catch ex As Exception
      Utils.LogError(GetFullMessage(ex))
    End Try
    Return Nothing
  End Function

  ''' <summary>Create the Google.Cloud.Vision.V1.ImageAnnotatorClient object</summary>
  ''' <param name="dll">The Google dll</param>
  ''' <returns>The ImageAnnotatorClient object</returns>
  Function CreateClient() As Object
    If GVision Is Nothing Then
      Return Nothing
    End If
    'Dim Client As ImageAnnotatorClient = ImageAnnotatorClient.Create()

    Dim invokeParams(1) As Object
    invokeParams(0) = Nothing
    invokeParams(1) = Nothing
    Dim invokeParamTypes(1) As String
    invokeParamTypes(0) = "ServiceEndpoint"
    invokeParamTypes(1) = "ImageAnnotatorSettings"

    Return CreateGoogleObject("Google.Cloud.Vision.V1.ImageAnnotatorClient", "Create", invokeParams, invokeParamTypes)
  End Function

  ''' <summary>Create the Google.Cloud.Vision.V1.Image object</summary>
  ''' <param name="filePath">>The path of the picture file</param>
  ''' <returns>The Image object</returns>
  Function CreateImage(filePath As String) As Object
    If GVision Is Nothing Then
      Return Nothing
    End If
    'Dim image As Google.Cloud.Vision.V1.Image = Image.FromFile(filePath)

    Dim invokeParams(0) As Object
    invokeParams(0) = filePath
    Dim invokeParamTypes(0) As String
    invokeParamTypes(0) = "String"

    Return CreateGoogleObject("Google.Cloud.Vision.V1.Image", "FromFile", invokeParams, invokeParamTypes)
  End Function

  ''' <summary>Call the Google API to read the annotations (labels, landmarks, etc...) from the input image</summary>
  ''' <param name="image">The image to analyze</param>
  ''' <param name="methodName">The Google API to call</param>
  ''' <returns>The list of found annotations</returns>
  Function DetectAnnotations(image As Object, methodName As String) As IList(Of String)
    If image Is Nothing Then
      Return Nothing
    End If
    Dim client As Object = GetClient()
    If client Is Nothing Then
      Return Nothing
    End If

    If String.IsNullOrEmpty(methodName) Then
      methodName = "DetectLabels" 'default
    End If
    Dim invokeParams(3) As Object
    invokeParams(0) = image
    invokeParams(1) = Nothing
    invokeParams(2) = 0
    invokeParams(3) = Nothing
    Dim invokeParamTypes(3) As String
    invokeParamTypes(0) = "Image"
    invokeParamTypes(1) = "ImageContext"
    invokeParamTypes(2) = "Int32"
    invokeParamTypes(3) = "CallSettings"

    Dim clientType As Type = client.GetType()
    Dim methodList() As System.Reflection.MethodInfo = clientType.GetMethods()
    If methodList Is Nothing OrElse methodList.Count = 0 Then
      Utils.LogError(String.Format("Cannot find the '{0}' method of '{1}' class.", methodName, clientType.Name))
      Return Nothing
    End If
    Dim foundMethod As System.Reflection.MethodInfo = Nothing
    For Each method As System.Reflection.MethodInfo In methodList
      If method.Name = methodName AndAlso AreParametersOk(method, invokeParamTypes) Then
        foundMethod = method
        Exit For
      End If
    Next
    If foundMethod Is Nothing Then
      Utils.LogError(String.Format("Cannot find the '{0}' method of '{1}' class with {2} parameters.", methodName, clientType.Name, invokeParams.Count))
      Return Nothing
    End If

    Dim labels As List(Of String) = New List(Of String)()
    Try
      Dim result As Object = foundMethod.Invoke(client, invokeParams)
      If result Is Nothing Then
        Return labels
      End If
      Dim roList As IReadOnlyList(Of Object) = TryCast(result, IReadOnlyList(Of Object))
      If roList IsNot Nothing Then
        Return GetDescriptionList(roList)
      End If

      'alternative way to read the result
      'Dim res As String = result.ToString()
      'If String.IsNullOrEmpty(res) OrElse Not res.Trim().StartsWith("[") Then
      '  Return labels
      'End If
      'Dim jResult As Newtonsoft.Json.Linq.JArray = Newtonsoft.Json.Linq.JArray.Parse(res)
      'If jResult Is Nothing Then
      '  Return labels
      'End If
      'For Each jItem As Newtonsoft.Json.Linq.JObject in jResult
      '  If jItem("description") IsNot Nothing Then
      '    Dim label As String = jItem("description").ToString()
      '    If Not String.IsNullOrEmpty(label) Then
      '      labels.Add(label)
      '    End If
      '  End If
      'Next
    Catch ex As Exception
      Utils.LogError(GetFullMessage(ex))
    End Try
    Return labels
  End Function

  ''' <summary>Call the Google API to read the web entities from the input image</summary>
  ''' <param name="image">The image to analyze</param>
  ''' <param name="methodName">The Google API to call</param>
  ''' <returns>The list of found entities</returns>
  Function DetectEntities(image As Object, methodName As String) As IList(Of String)
    If image Is Nothing Then
      Return Nothing
    End If
    Dim client As Object = GetClient()
    If client Is Nothing Then
      Return Nothing
    End If

    If String.IsNullOrEmpty(methodName) Then
      methodName = "DetectWebInformation" 'default
    End If
    Dim invokeParams(2) As Object
    invokeParams(0) = image
    invokeParams(1) = Nothing
    invokeParams(2) = Nothing
    Dim invokeParamTypes(2) As String
    invokeParamTypes(0) = "Image"
    invokeParamTypes(1) = "ImageContext"
    invokeParamTypes(2) = "CallSettings"

    Dim clientType As Type = client.GetType()
    Dim methodList() As System.Reflection.MethodInfo = clientType.GetMethods()
    If methodList Is Nothing OrElse methodList.Count = 0 Then
      Utils.LogError(String.Format("Cannot find the '{0}' method of '{1}' class.", methodName, clientType.Name))
      Return Nothing
    End If
    Dim foundMethod As System.Reflection.MethodInfo = Nothing
    For Each method As System.Reflection.MethodInfo In methodList
      If method.Name = methodName AndAlso AreParametersOk(method, invokeParamTypes) Then
        foundMethod = method
        Exit For
      End If
    Next
    If foundMethod Is Nothing Then
      Utils.LogError(String.Format("Cannot find the '{0}' method of '{1}' class with {2} parameters.", methodName, clientType.Name, invokeParams.Count))
      Return Nothing
    End If

    Try
      Dim result As Object = foundMethod.Invoke(client, invokeParams)
      If result Is Nothing Then Return Nothing

      Dim resProp As System.Reflection.PropertyInfo = result.GetType().GetProperty("WebEntities")
      If resProp IsNot Nothing Then
        Dim entityList As Object = resProp.GetValue(result)
        If entityList IsNot Nothing Then
          Dim enList As IList = TryCast(entityList, IList)
          If enList IsNot Nothing Then
            Return GetDescriptionList(enList)
          End If
        End If
      End If
    Catch ex As Exception
      Utils.LogError(GetFullMessage(ex))
    End Try
    Return Nothing
  End Function

  ''' <summary>Call the Google API to read the words from the input image</summary>
  ''' <param name="image">The image to analyze</param>
  ''' <param name="methodName">The Google API to call</param>
  ''' <returns>The list of found words</returns>
  Function DetectWords(image As Object, methodName As String) As IList(Of String)
    If image Is Nothing Then
      Return Nothing
    End If
    Dim client As Object = GetClient()
    If client Is Nothing Then
      Return Nothing
    End If

    If String.IsNullOrEmpty(methodName) Then
      methodName = "DetectDocumentText" 'default
    End If
    Dim invokeParams(2) As Object
    invokeParams(0) = image
    invokeParams(1) = Nothing
    invokeParams(2) = Nothing
    Dim invokeParamTypes(2) As String
    invokeParamTypes(0) = "Image"
    invokeParamTypes(1) = "ImageContext"
    invokeParamTypes(2) = "CallSettings"

    Dim clientType As Type = client.GetType()
    Dim methodList() As System.Reflection.MethodInfo = clientType.GetMethods()
    If methodList Is Nothing OrElse methodList.Count = 0 Then
      Utils.LogError(String.Format("Cannot find the '{0}' method of '{1}' class.", methodName, clientType.Name))
      Return Nothing
    End If
    Dim foundMethod As System.Reflection.MethodInfo = Nothing
    For Each method As System.Reflection.MethodInfo In methodList
      If method.Name = methodName AndAlso AreParametersOk(method, invokeParamTypes) Then
        foundMethod = method
        Exit For
      End If
    Next
    If foundMethod Is Nothing Then
      Utils.LogError(String.Format("Cannot find the '{0}' method of '{1}' class with {2} parameters.", methodName, clientType.Name, invokeParams.Count))
      Return Nothing
    End If

    Dim words As List(Of String) = New List(Of String)()
    Try
      Dim result As Object = foundMethod.Invoke(client, invokeParams)
      If result Is Nothing Then Return words

      Dim resProp As System.Reflection.PropertyInfo = result.GetType().GetProperty("Pages")
      If resProp Is Nothing Then Return words
      Dim pageList As Object = resProp.GetValue(result)
      If pageList Is Nothing Then Return words
      Dim pgList As IList = TryCast(pageList, IList)
      If pgList Is Nothing Then Return words
      For Each pgObj As Object In pgList

        Dim blocksProp As System.Reflection.PropertyInfo = pgObj.GetType().GetProperty("Blocks")
        If blocksProp Is Nothing Then Continue For
        Dim blocksList As Object = blocksProp.GetValue(pgObj)
        If blocksList Is Nothing Then Continue For
        Dim blList As IList = TryCast(blocksList, IList)
        If blList Is Nothing Then Continue For
        For Each blObj As Object In blList

          Dim parsProp As System.Reflection.PropertyInfo = blObj.GetType().GetProperty("Paragraphs")
          If parsProp Is Nothing Then Continue For
          Dim parsList As Object = parsProp.GetValue(blObj)
          If parsList Is Nothing Then Continue For
          Dim paList As IList = TryCast(parsList, IList)
          If paList Is Nothing Then Continue For
          For Each paObj As Object In paList

            Dim wordsProp As System.Reflection.PropertyInfo = paObj.GetType().GetProperty("Words")
            If wordsProp Is Nothing Then Continue For
            Dim wordsList As Object = wordsProp.GetValue(paObj)
            If wordsList Is Nothing Then Continue For
            Dim woList As IList = TryCast(wordsList, IList)
            If woList Is Nothing Then Continue For
            For Each woObj As Object In woList
              Dim word As String = Nothing

              Dim symbolsProp As System.Reflection.PropertyInfo = woObj.GetType().GetProperty("Symbols")
              If symbolsProp Is Nothing Then Continue For
              Dim symbolsList As Object = symbolsProp.GetValue(woObj)
              If symbolsList Is Nothing Then Continue For
              Dim syList As IList = TryCast(symbolsList, IList)
              If syList Is Nothing Then Continue For
              For Each syObj As Object In syList
                Dim textProp As System.Reflection.PropertyInfo = syObj.GetType().GetProperty("Text")
                If textProp Is Nothing Then Continue For
                Dim text As Object = textProp.GetValue(syObj)
                If text Is Nothing Then Continue For
                word &= CStr(text)
              Next

              If Not String.IsNullOrEmpty(word) Then
                words.Add(word)
              End If
            Next
          Next
        Next
      Next
    Catch ex As Exception
      Utils.LogError(GetFullMessage(ex))
    End Try
    Return words
  End Function

  Function GetDescriptionList(aList As IEnumerable) As List(Of String)
    Dim descList As List(Of String) = New List(Of String)()
    If aList Is Nothing Then
      Return descList
    End If
    For Each obj As Object In aList
      Dim prop As System.Reflection.PropertyInfo = obj.GetType().GetProperty("Description")
      If prop IsNot Nothing Then
        Dim descr As String = CStr(prop.GetValue(obj))
        If Not String.IsNullOrEmpty(descr) Then
          If Not descList.Contains(descr) Then
            descList.Add(descr)
          End If
        End If
      End If
    Next
    Return descList
  End Function

  Protected Overridable Sub Dispose(disposing As Boolean)
    If Not Me.DisposedValue Then
      If disposing Then
        'dispose here managed state (managed objects).
      End If
     End If
    Me.DisposedValue = True
  End Sub

  Public Sub Dispose() Implements IDisposable.Dispose
    'do not change this code. Put cleanup code in Dispose(disposing As Boolean) above.
    Dispose(True)
    GC.SuppressFinalize(Me)
  End Sub
End Class

''' <summary>Return the full error message of the input exception</summary>
''' <param name="ex">The exception</param>
''' <returns>The full error message</returns>
Shared Function GetFullMessage(ex As Exception) As String
  If ex Is Nothing Then
    Return Nothing
  End If

  Dim sb As System.Text.StringBuilder = new System.Text.StringBuilder()
  sb.AppendLine(ex.Message)
  While ex.InnerException IsNot Nothing 
    ex = ex.InnerException
    sb.AppendLine(ex.Message)
  End While
  return sb.ToString()
End Function

''' <summary>Read the application local path</summary>
''' <returns>The application local path</returns>
Function GetLocalPath() As String
  Dim exePath As String = Nothing
  If System.Web.HttpContext.Current IsNot Nothing Then 'web
    exePath = New IO.DirectoryInfo(System.Web.HttpRuntime.AppDomainAppPath).FullName
  Else 'exe
    exePath = New IO.DirectoryInfo(GetType(TeraDP.GN4.Workflow.ActivityData).Assembly.Location).Parent.FullName
  End If
  Return exePath.TrimEnd(New Char() {" "c, "/"c, "\"c})
End Function
]]></Members>
  <Sequential DisplayProgress="false"><![CDATA[
'If Debugger.IsAttached Then Stop

Dim googleCredentials As String = Environment.GetEnvironmentVariable("GOOGLE_APPLICATION_CREDENTIALS")
If googleCredentials = "" Then
  Utils.LogError("Could not process the image with Google Cloud Vision API: cannot find the server variable 'GOOGLE_APPLICATION_CREDENTIALS'")
End If
'load the gn4 image preview, to be sent to Google
'load the binary attribute
Dim objectId As Integer = Context.ParValueAsInt("objectId", 0)
If objectId = 0 Then objectId = Context.ObjectIds.FirstOrDefault
If objectId = 0 Then
  Utils.LogError("Please pass a valid objectId parameter, or select an object")
End If

Dim gn4 As XNamespace = "urn:schemas-teradp-com:gn4tera"
Dim sourceAttrName As String = ""
Dim sourceObjectType As String = ""
Dim checkIdType As CheckIds = New CheckIds(Context) With {.Name = "Check image kind"}
checkIdType.ObjectIds.Add(objectId)
Dim checkIdTypeRes As CheckIdsResult = checkIdType.Do()
sourceObjectType = checkIdTypeRes.ObjectTypeName
If sourceObjectType = "image" Then
  sourceAttrName = "data"
ElseIf sourceObjectType = "img" Then
  sourceAttrName = "low"
Else
  Utils.LogError("The id " + objectId.ToString() + " is not of an image or img object (It's of a " + sourceObjectType + ")")
End If

'load the gn4 image to get the existing keywords and the kind of image
Dim loadGn4Image As LoadObjects = New LoadObjects(Context) With {.Name = "Load image"}
loadGn4Image.ObjectIds.Add(objectId)
loadGn4Image.Xslt =
  <xsl:element name="{local-name()}" xmlns:xsl="http://www.w3.org/1999/XSL/Transform" xmlns:gn4="urn:schemas-teradp-com:gn4tera">
    <xsl:attribute name="id">
      <xsl:value-of select="@id"/>
    </xsl:attribute>
    <xsl:copy-of select="gn4:keywords"/>
    <xsl:copy-of select="gn4:summary"/>
  </xsl:element>

Dim loadGn4ImageRes As LoadObjectsResult = loadGn4Image.Do()

Dim loadBinaryAct As LoadData = New LoadData(Context) With {.Name = "load binary"}
loadBinaryAct.ObjectIds.Add(objectId)
loadBinaryAct.AttributeName = sourceAttrName
Dim loadBinaryRes As LoadDataResult = loadBinaryAct.Do()

Dim searchVariant As Search = New Search(Context) With {.Name = "Check variant exists"}
searchVariant.XQuery = "gn4:variantTypeImage[@name='GoogleVisionAPI']"
Dim searchVariantRes As SearchResult = searchVariant.Do()
' if the variant does not exist, create it
If searchVariantRes.IdsCount = 0 Then
  Dim GoogleVisionAPIvariant As XElement =
    <variantTypeImage name="GoogleVisionAPI">
      <scopeRef objectType="configScope">
        <keyVal>Default</keyVal>
      </scopeRef>
      <steps>
        <item conversion="ChangeFormat" format="image/png" quality="85"/>
        <item conversion="Scale" width="1400" height="1400" scalingMode="SaCubicBSpline"/>
      </steps>
      <typeRef>image</typeRef>
    </variantTypeImage>
  Dim importVariant As ImportXml = New ImportXml(Context) With {.Name = "Create the GoogleVisionAPI variant"}
  importVariant.XmlIn = New XDocument(GoogleVisionAPIvariant)
  importVariant.Do()
End If

'create the variant
Dim createVariantAct As Variation = New Variation(Context) With {.Name = "create variant"}
createVariantAct.VariantTypeNames.Add("GoogleVisionAPI")
createVariantAct.Data = loadBinaryRes.DataOut
createVariantAct.Mode = Variation.CreationMode.CreateTemp
Dim createVariantRes As VariationResult = createVariantAct.Do()

Dim resLabels As IList(Of String) = Nothing
Dim resLandmarks As IList(Of String) = Nothing
Dim resTexts As IList(Of String) = Nothing
Dim resWebEntities As IList(Of String) = Nothing
Dim resWords As IList(Of String) = Nothing
'Dim resCrops As IReadOnlyList(Of FaceAnnotation) = Nothing

Using Google As GoogleVision = New GoogleVision(Utils, GetLocalPath())
  Dim Image As Object = Google.CreateImage(createVariantRes.DataOut(0).LocalPath)
  If Image Is Nothing Then
    Return
  End If
  Try
    resLabels = Google.DetectAnnotations(image, "DetectLabels")
    resLandmarks = Google.DetectAnnotations(image, "DetectLandmarks")
    resTexts = Google.DetectAnnotations(image, "DetectText")
    resWebEntities = Google.DetectEntities(image, "DetectWebInformation")
    resWords = Google.DetectWords(image, "DetectDocumentText")
    'resCrops = Client.DetectFaces(image)
  Catch ex As Exception
    Utils.LogError(GetFullMessage(ex))
  End Try
End Using

Dim keywordsXml As XElement = loadGn4ImageRes.XmlOut.Root.Element(gn4 + "keywords")
Dim summary As String = loadGn4ImageRes.XmlOut.Root.Element(gn4 + "summary").Value
Dim sb As System.Text.StringBuilder = New System.Text.StringBuilder()

Dim nLabels As Integer = 0
Dim nLandmarks As Integer = 0
Dim nTexts As Integer = 0
Dim nWebEntities As Integer = 0
Dim nWords As Integer = 0

'add web entities as keywords and in the summary
If resWebEntities IsNot Nothing AndAlso resWebEntities.Count > 0 Then
  nWebEntities = resWebEntities.Count
  For Each entity As String In resWebEntities
    Dim keywordXml As XElement = <item><%= entity %></item>
    keywordsXml.Add(keywordXml)
    sb.Append(entity & ", ")
  Next
End If
Utils.LogInfo(String.Format("Found {0} web entities: {1}", nWebEntities, sb.ToString()))
sb.Clear()

If resLabels IsNot Nothing AndAlso resLabels.Count > 0 Then
  nLabels = resLabels.Count
  For Each annotation As String In resLabels
    Dim keywordXml As XElement = <item><%= annotation %></item>
    keywordsXml.Add(keywordXml)
    summary += vbCrLf + annotation
    sb.Append(annotation & ", ")
  Next
End If
Utils.LogInfo(String.Format("Found {0} labels: {1}", nLabels, sb.ToString()))
sb.Clear()

If resLandmarks IsNot Nothing AndAlso resLandmarks.Count > 0 Then
  nLandmarks = resLandmarks.Count
  For Each annotation  As String In resLandmarks
    Dim keywordXml As XElement = <item><%= annotation %></item>
    keywordsXml.Add(keywordXml)
    sb.Append(annotation & ", ")
  Next
End If
Utils.LogInfo(String.Format("Found {0} landmarks: {1}", nLandmarks, sb.ToString()))
sb.Clear()

If resTexts IsNot Nothing AndAlso resTexts.Count > 0 Then
  nTexts = resTexts.Count
  For Each annotation As String In resTexts
    summary += vbCrLf + annotation
    sb.Append(annotation & ", ")
  Next
End If
Utils.LogInfo(String.Format("Found {0} texts: {1}", nTexts, sb.ToString()))
sb.Clear()

If resWebEntities IsNot Nothing AndAlso resWebEntities.Count > 0 Then
  For Each entity As String In resWebEntities
    summary += vbCrLf + entity + " "
  Next
End If

If resWords IsNot Nothing AndAlso resWords.Count > 0 Then
  nWords = resWords.Count
  For Each word As String In resWords
    summary += vbCrLf + word + " "
    sb.Append(word & ", ")
  Next
End If
Utils.LogInfo(String.Format("Found {0} words: {1}", nWords, sb.ToString()))
sb.Clear()

'If resCrops IsNot Nothing Then
'  For Each crop In resCrops
'    ...
'  Next
'End If
Utils.LogInfo(String.Format("Found: {0} labels, {1} landmarks, {2} texts, {3} web entities, {4} words", nLabels, nLandmarks, nTexts, nWebEntities, nWords))

Dim imgId As String = "obj" + objectId.ToString()
Dim updateImagexml As XElement = New XElement(sourceObjectType)
updateImagexml.Add(New XAttribute("id", imgId))
updateImagexml.Add(keywordsXml)
updateImagexml.Add(<summary><%= summary %></summary>)
'updateImagexml.Save("c:\temp\visionAPI\image.xml")

'update the image
Dim importXmlAct As ImportXml = New ImportXml(Context) With {.Name = "update image"}
importXmlAct.XmlIn = New XDocument(updateImagexml)
importXmlAct.Do()
]]></Sequential>
</codeWorkflow>
